-- phpMyAdmin SQL Dump
-- version 4.5.4.1deb2ubuntu2
-- http://www.phpmyadmin.net
--
-- Host: localhost
-- Generation Time: 12-Set-2016 às 18:43
-- Versão do servidor: 10.0.25-MariaDB-0ubuntu0.16.04.1
-- PHP Version: 7.0.8-0ubuntu0.16.04.2

SET SQL_MODE = "NO_AUTO_VALUE_ON_ZERO";
SET time_zone = "+00:00";


/*!40101 SET @OLD_CHARACTER_SET_CLIENT=@@CHARACTER_SET_CLIENT */;
/*!40101 SET @OLD_CHARACTER_SET_RESULTS=@@CHARACTER_SET_RESULTS */;
/*!40101 SET @OLD_COLLATION_CONNECTION=@@COLLATION_CONNECTION */;
/*!40101 SET NAMES utf8mb4 */;

--
-- Database: `db_ifms`
--

-- --------------------------------------------------------

--
-- Estrutura da tabela `tb_alunos`
--

CREATE TABLE `tb_alunos` (
  `ra` varchar(255) NOT NULL,
  `nome` varchar(255) NOT NULL,
  `telefone` varchar(255) NOT NULL,
  `email` varchar(255) NOT NULL,
  `mac_address` varchar(255) NOT NULL
) ENGINE=InnoDB DEFAULT CHARSET=utf8 COMMENT='Tabela que contêm o registro de todos os dados dos alunos';

--
-- Extraindo dados da tabela `tb_alunos`
--

INSERT INTO `tb_alunos` (`ra`, `nome`, `telefone`, `email`, `mac_address`) VALUES
('111', 'Gustavo Henrique', '12312312', 'gustavo.henrique@gmail.com', '02:02:02:12'),
('222', 'Rose Maria', '1230912', 'rose.maria@ifms.edu.br', '01:03:93:21'),
('987', 'Marcus Bruno', '(67)991400703', 'marcusbrunogm@gmail.com', '02:02:02:02:02');

-- --------------------------------------------------------

--
-- Estrutura da tabela `tb_alunos_disciplinas`
--

CREATE TABLE `tb_alunos_disciplinas` (
  `codigo_ra` varchar(255) NOT NULL,
  `codigo_disciplina` varchar(255) NOT NULL,
  `data_inicio` date NOT NULL,
  `data_fim` date NOT NULL
) ENGINE=InnoDB DEFAULT CHARSET=utf8 COMMENT='Tabela que contêm o registro do aluno nas disciplinas';

--
-- Extraindo dados da tabela `tb_alunos_disciplinas`
--

INSERT INTO `tb_alunos_disciplinas` (`codigo_ra`, `codigo_disciplina`, `data_inicio`, `data_fim`) VALUES
('111', '001', '2016-09-01', '2016-09-30'),
('222', '001', '2016-09-01', '2016-09-30'),
('987', '001', '2016-08-01', '2016-08-31'),
('987', '002', '2016-08-01', '2016-08-31');

-- --------------------------------------------------------

--
-- Estrutura da tabela `tb_diario`
--

CREATE TABLE `tb_diario` (
  `id` int(11) NOT NULL,
  `rp` varchar(255) NOT NULL,
  `codigo_disciplina` varchar(255) NOT NULL,
  `horario_inicio` timestamp NULL DEFAULT NULL,
  `horario_fim` timestamp NULL DEFAULT NULL,
  `situacao` tinyint(1) NOT NULL,
  `latitude_professor` varchar(255) NOT NULL,
  `longitude_professor` varchar(255) NOT NULL
) ENGINE=InnoDB DEFAULT CHARSET=utf8;

--
-- Extraindo dados da tabela `tb_diario`
--

INSERT INTO `tb_diario` (`id`, `rp`, `codigo_disciplina`, `horario_inicio`, `horario_fim`, `situacao`, `latitude_professor`, `longitude_professor`) VALUES
(1, '123', '001', '2016-08-17 17:58:24', NULL, 0, '00001', '00001'),
(3, '123', '001', '2016-08-18 04:00:00', '2016-08-17 04:11:00', 0, '123123123', '123123123'),
(4, '123', '001', '2016-08-17 18:41:00', '2016-08-17 18:41:00', 0, '0001', '0002'),
(5, '123', '001', '2016-08-17 18:42:28', '0000-00-00 00:00:00', 0, '0001', '0002'),
(6, '123', '001', '2016-08-17 18:42:36', '0000-00-00 00:00:00', 0, '0001', '0002'),
(7, '123', '001', '2016-08-17 18:45:04', NULL, 0, '0001', '0002'),
(8, '123', '001', '2016-08-17 18:45:55', NULL, 0, '0001', '0002'),
(9, '123', '001', '2016-08-17 18:52:26', NULL, 0, '0001', '0002'),
(10, '123', '001', '2016-08-17 18:53:43', NULL, 0, '0001', '0002'),
(11, '123', '001', '2016-08-17 18:53:49', NULL, 0, '0001', '0002'),
(12, '123', '001', '2016-08-17 18:56:20', NULL, 0, '0001', '0002'),
(13, '123', '001', '2016-08-17 18:57:40', NULL, 0, '0001', '0002'),
(14, '123', '001', '2016-08-17 19:01:30', NULL, 0, '0001', '0002'),
(15, '123', '001', '2016-08-17 19:01:46', NULL, 0, '0001', '0002'),
(16, '123', '001', '2016-08-17 19:03:38', NULL, 0, '0001', '0002'),
(17, '123', '001', '2016-08-17 19:05:07', NULL, 0, '0001', '0002'),
(18, '123', '001', '2016-08-17 19:12:00', NULL, 0, '0001', '0002'),
(19, '123', '001', '2016-08-17 19:27:10', NULL, 0, '0001', '0002'),
(20, '123', '001', '2016-08-17 19:27:24', NULL, 0, '0001', '0002'),
(21, '123', '001', '2016-08-17 20:23:13', NULL, 0, '0001', '0002'),
(22, '123', '001', '2016-08-17 20:29:56', NULL, 0, '0001', '0002'),
(23, '123', '001', '2016-08-17 21:04:05', NULL, 0, '0001', '0002'),
(24, '123', '001', '2016-08-17 21:05:32', NULL, 0, '0001', '0002'),
(25, '123', '001', '2016-08-17 21:08:29', NULL, 0, '0001', '0002'),
(26, '123', '001', '2016-08-17 21:09:26', '2016-08-17 21:09:26', 0, '0001', '0002'),
(27, '123', '001', '2016-08-17 21:09:54', '2016-08-17 21:09:54', 0, '0001', '0002'),
(28, '123', '001', '2016-08-17 21:11:06', '2016-08-17 21:11:06', 0, '0001', '0002'),
(29, '123', '001', '2016-08-17 21:13:48', '2016-08-17 21:13:48', 0, '0001', '0002'),
(30, '123', '001', '2016-08-17 21:06:11', '2016-08-17 21:16:11', 0, '0001', '0002'),
(31, '123', '001', '2016-08-17 21:07:43', '2016-08-17 21:17:43', 0, '0001', '0002'),
(32, '123', '001', '2016-08-17 21:15:05', '2016-08-17 21:15:29', 0, '0001', '0002'),
(33, '123', '001', '2016-08-17 21:16:51', NULL, 0, '0001', '0002'),
(34, '123', '001', '2016-08-17 21:20:47', '2016-08-17 21:20:49', 0, '0001', '0002'),
(35, '123', '001', '2016-08-18 03:46:12', '2016-08-18 03:48:12', 0, '0001', '0002'),
(36, '123', '001', '2016-08-18 03:51:05', '2016-08-18 03:51:14', 0, '0001', '0002'),
(37, '123', '001', '2016-08-18 03:54:18', '2016-08-18 03:54:20', 0, '0001', '0002'),
(38, '123', '001', '2016-08-18 03:58:10', '2016-08-18 04:00:10', 0, '0001', '0002'),
(39, '123', '001', '2016-08-18 04:01:36', '2016-08-18 04:01:45', 0, '0001', '0002'),
(40, '123', '001', '2016-08-18 04:02:34', '2016-08-18 04:03:05', 0, '0001', '0002'),
(41, '123', '001', '2016-08-18 04:03:28', NULL, 0, '0001', '0002'),
(42, '123', '001', '2016-08-18 04:03:50', '2016-08-18 04:05:50', 0, '0001', '0002'),
(43, '123', '001', '2016-08-18 04:16:37', NULL, 0, '0001', '0002'),
(44, '123', '001', '2016-08-18 14:16:25', NULL, 0, '-20.504504504504503', '-20.504504504504503'),
(45, '123', '001', '2016-08-18 14:22:35', NULL, 0, '-20.504504504504503', '-20.504504504504503'),
(46, '123', '001', '2016-08-18 14:28:41', NULL, 0, '-20.504504504504503', '-20.504504504504503'),
(47, '123', '001', '2016-08-18 14:31:27', '2016-08-18 14:31:51', 0, '-20.504504504504503', '-54.651664313224146'),
(48, '123', '001', '2016-08-18 15:02:17', NULL, 0, '-20.504504504504503', '-54.651664313224146'),
(49, '123', '001', '2016-08-18 15:42:10', '2016-08-18 15:42:17', 0, '-20.504504504504503', '-54.651664313224146'),
(50, '123', '001', '2016-08-18 15:42:54', NULL, 0, '-20.504504504504503', '-54.651664313224146'),
(51, '123', '001', '2016-08-18 15:44:00', NULL, 0, '-20.504504504504503', '-54.651664313224146'),
(52, '123', '002', '2016-08-18 15:45:04', NULL, 0, '-20.504504504504503', '-54.651664313224146'),
(53, '123', '001', '2016-08-18 15:46:49', '2016-08-18 15:47:53', 0, '-20.504504504504503', '-54.651664313224146'),
(54, '123', '001', '2016-08-18 15:48:48', '2016-08-18 15:48:53', 0, '-20.504504504504503', '-54.651664313224146'),
(55, '123', '001', '2016-08-18 15:48:56', '2016-08-18 15:49:02', 0, '-20.504504504504503', '-54.651664313224146'),
(56, '123', '001', '2016-08-18 15:49:16', '2016-08-18 15:50:17', 0, '-20.504504504504503', '-54.651664313224146'),
(57, '123', '001', '2016-08-18 15:50:54', NULL, 0, '-20.504504504504503', '-54.651664313224146'),
(58, '123', '001', '2016-08-18 15:51:59', NULL, 0, '-20.504504504504503', '-54.651664313224146'),
(59, '123', '001', '2016-08-18 15:55:08', '2016-08-18 15:55:18', 0, '-20.504504504504503', '-54.651664313224146'),
(60, '123', '001', '2016-08-18 15:56:40', '2016-08-18 16:12:40', 0, '-20.504504504504503', '-54.651664313224146'),
(61, '123', '001', '2016-08-18 16:23:27', NULL, 0, '-20.504504504504503', '-54.651664313224146'),
(62, '123', '001', '2016-08-18 16:24:18', '2016-08-18 16:24:22', 0, '-20.504504504504503', '-54.651664313224146'),
(63, '123', '001', '2016-08-18 16:24:26', NULL, 0, '-20.504504504504503', '-54.651664313224146'),
(64, '123', '001', '2016-08-18 16:27:47', '2016-08-18 16:28:29', 0, '-20.504504504504503', '-54.651664313224146'),
(65, '123', '001', '2016-08-18 16:28:43', '2016-08-18 16:28:29', 0, '-20.504504504504503', '-54.651664313224146'),
(66, '123', '001', '2016-08-18 16:32:28', '2016-08-18 16:33:07', 0, '-20.504504504504503', '-54.651664313224146'),
(67, '123', '001', '2016-08-18 16:38:23', NULL, 0, '-20.504504504504503', '-54.651664313224146'),
(68, '123', '001', '2016-08-18 16:44:32', NULL, 0, '-20.504504504504503', '-54.651664313224146'),
(69, '123', '001', '2016-08-18 23:48:07', '2016-08-18 23:48:14', 0, '0001', '0002'),
(70, '123', '001', '2016-08-19 00:00:11', NULL, 0, '0001', '0002'),
(71, '123', '001', '2016-08-19 00:05:43', NULL, 0, '0001', '0002'),
(72, '123', '001', '2016-08-19 00:09:01', '2016-08-19 00:09:13', 0, '-20.5115521', '-54.6536861'),
(73, '123', '001', '2016-08-19 00:09:59', '2016-08-19 00:10:15', 0, '-20.5115521', '-54.6536861'),
(74, '123', '001', '2016-08-19 00:20:04', '2016-08-19 00:20:33', 0, '-20.5114585', '-54.6536517'),
(75, '123', '001', '2016-08-19 00:28:10', '2016-08-19 00:28:16', 0, '-20.5115168', '-54.6536688'),
(76, '123', '001', '2016-08-19 00:32:35', '2016-08-19 00:32:54', 0, '-20.5115119', '-54.6536656'),
(77, '123', '001', '2016-08-19 00:36:40', '2016-08-19 00:36:43', 0, '-20.5115225', '-54.6536604'),
(78, '123', '002', '2016-08-19 00:36:54', NULL, 0, '-20.5115225', '-54.6536604'),
(79, '123', '001', '2016-08-19 00:39:45', NULL, 0, '-20.5115225', '-54.6536604'),
(80, '123', '001', '2016-08-19 00:40:23', '2016-08-19 00:40:38', 0, '-20.5115225', '-54.6536604'),
(81, '123', '002', '2016-08-19 00:41:00', '2016-08-19 00:41:15', 0, '-20.5115225', '-54.6536604'),
(82, '123', '001', '2016-08-19 00:42:13', '2016-08-19 00:42:29', 0, '-20.5114885', '-54.6536561'),
(83, '123', '001', '2016-08-19 00:50:43', '2016-08-19 00:50:52', 0, '-20.5114944', '-54.6536628'),
(84, '123', '002', '2016-08-19 00:51:04', '2016-08-19 00:51:09', 0, '-20.5114944', '-54.6536628'),
(85, '123', '001', '2016-08-19 02:18:54', '2016-08-19 02:19:09', 0, '-20.5115145', '-54.6536593'),
(86, '123', '001', '2016-08-19 15:23:48', '2016-08-19 15:14:02', 0, '-20.5115059', '-54.6536929'),
(87, '123', '001', '2016-08-19 15:24:20', '2016-08-19 15:16:26', 0, '-20.5115059', '-54.6536929'),
(88, '123', '001', '2016-08-19 15:26:30', '2016-08-19 15:26:30', 0, '-20.5114362', '-54.6536868'),
(89, '123', '001', '2016-08-19 15:28:01', '2016-08-19 15:18:22', 0, '-20.5114362', '-54.6536868'),
(90, '123', '001', '2016-08-19 15:32:22', '2016-08-19 15:22:25', 0, '-20.5114695', '-54.6536889'),
(91, '123', '002', '2016-08-19 15:32:42', '2016-08-19 15:22:50', 0, '-20.5114695', '-54.6536889'),
(92, '123', '001', '2016-08-19 15:34:00', '2016-08-19 15:34:00', 0, '-20.5114695', '-54.6536889'),
(93, '123', '001', '2016-08-19 15:24:58', '2016-08-19 15:34:58', 0, '-20.5114695', '-54.6536889'),
(94, '123', '001', '2016-08-19 15:25:55', '2016-08-19 15:35:55', 0, '-20.5114695', '-54.6536889'),
(95, '123', '002', '2016-08-19 15:26:27', '2016-08-19 15:26:38', 0, '-20.5114695', '-54.6536889'),
(96, '123', '001', '2016-08-19 15:26:44', '2016-08-19 15:26:50', 0, '-20.5114695', '-54.6536889'),
(97, '123', '002', '2016-08-19 15:26:57', '2016-08-19 15:27:10', 0, '-20.5114651', '-54.6536884'),
(98, '123', '001', '2016-08-19 15:29:57', '2016-08-19 15:31:46', 0, '-20.5114651', '-54.6536884'),
(99, '123', '001', '2016-08-19 15:33:07', '2016-08-19 15:35:47', 0, '-20.511445', '-54.6536816'),
(100, '123', '002', '2016-08-19 15:35:59', '2016-08-19 15:45:59', 1, '-20.511445', '-54.6536816'),
(101, '123', '001', '2016-08-19 15:36:45', '2016-08-19 15:46:45', 0, '-20.511445', '-54.6536816'),
(102, '123', '001', '2016-08-19 15:54:49', '2016-08-19 16:04:49', 0, '-20.5114249', '-54.6536677'),
(103, '123', '002', '2016-08-19 15:55:11', '2016-08-19 16:05:11', 1, '-20.5114249', '-54.6536677'),
(104, '123', '002', '2016-08-19 15:57:00', '2016-08-19 16:07:00', 1, '-20.5114249', '-54.6536677'),
(105, '123', '002', '2016-08-19 15:57:00', '2016-08-19 16:07:00', 0, '-20.5114249', '-54.6536677'),
(106, '123', '001', '2016-08-19 16:09:06', '2016-08-19 16:19:06', 0, '-20.5115027', '-54.6536644'),
(107, '123', '001', '2016-08-19 16:23:41', '2016-08-19 17:15:41', 0, '-20.5115438', '-54.6536499'),
(108, '123', '001', '2016-08-19 17:15:57', '2016-08-19 17:25:57', 0, '-20.5115185', '-54.6536587'),
(109, '123', '001', '2016-08-19 17:26:59', '2016-08-19 17:36:59', 1, '-20.5114649', '-54.6536484'),
(110, '123', '001', '2016-08-19 17:41:17', '2016-08-19 17:51:17', 0, '-20.5114832', '-54.6536548'),
(111, '123', '001', '2016-08-19 17:54:44', '2016-08-19 18:04:44', 0, '-20.5115295', '-54.6536619'),
(112, '123', '001', '2016-08-19 18:06:12', '2016-08-19 18:16:12', 0, '-20.5114778', '-54.6536518'),
(113, '123', '001', '2016-08-19 18:25:07', '2016-08-19 18:35:07', 0, '-20.5115237', '-54.6537854'),
(114, '123', '001', '2016-08-19 18:38:40', '2016-08-19 18:48:40', 0, '-20.5115049', '-54.653663'),
(115, '123', '001', '2016-08-19 18:57:32', '2016-08-19 19:07:32', 0, '-20.5115076', '-54.6536635'),
(116, '123', '001', '2016-08-19 19:09:12', '2016-08-19 19:19:12', 0, '-20.5114432', '-54.6535586'),
(117, '123', '001', '2016-08-19 19:22:44', '2016-08-19 19:32:44', 0, '-20.511555', '-54.653635'),
(118, '123', '001', '2016-08-19 19:34:04', '2016-08-19 20:22:02', 0, '-20.5115297', '-54.6536426'),
(119, '123', '001', '2016-08-19 20:22:04', '2016-08-19 20:32:04', 1, '-20.5114842', '-54.6536894'),
(120, '123', '001', '2016-08-19 20:22:05', '2016-08-19 20:32:05', 1, '-20.5114842', '-54.6536894'),
(121, '123', '001', '2016-08-19 20:22:06', '2016-08-19 20:32:06', 1, '-20.5114842', '-54.6536894'),
(122, '123', '001', '2016-08-20 05:28:50', '2016-08-20 05:38:50', 0, '-20.5115086', '-54.653661'),
(123, '123', '001', '2016-08-20 05:42:16', '2016-08-20 05:52:16', 1, '-20.5114828', '-54.653658'),
(124, '123', '001', '2016-08-20 17:09:28', '2016-08-20 17:16:00', 0, '-20.5115279', '-54.6535848'),
(125, '123', '001', '2016-08-20 17:16:02', '2016-08-20 17:19:53', 0, '-20.5114616', '-54.6536648'),
(126, '123', '001', '2016-08-20 17:19:54', '2016-08-20 17:22:00', 0, '-20.5115113', '-54.6536573'),
(127, '123', '001', '2016-08-20 17:22:01', '2016-08-20 17:32:01', 0, '-20.5115113', '-54.6536573'),
(128, '123', '001', '2016-08-20 17:35:20', '2016-08-20 17:45:20', 1, '-20.5115455', '-54.6536319'),
(129, '123', '001', '2016-08-20 18:13:46', '2016-08-20 18:23:46', 1, '-20.5114394', '-54.6536764'),
(130, '123', '001', '2016-09-05 21:34:05', '2016-09-05 21:44:05', 1, '-20.5114968', '-54.6536918'),
(131, '123', '001', '2016-09-06 00:43:45', '2016-09-06 00:53:45', 0, '-20.5115146', '-54.6536688'),
(135, '123', '001', '2016-09-06 00:55:18', '2016-09-06 01:05:18', 0, '-20.5115194', '-54.6536924'),
(136, '123', '001', '2016-09-06 13:40:03', '2016-09-06 13:50:03', 1, '-20.5115292', '-54.6536857'),
(137, '123', '001', '2016-09-07 16:23:12', '2016-09-07 16:33:12', 0, '-20.511516', '-54.6536927'),
(138, '123', '001', '2016-09-07 16:59:32', '2016-09-07 17:09:32', 1, '-20.5115189', '-54.6536917'),
(139, '123', '001', '2016-09-07 17:03:06', '2016-09-07 17:13:06', 0, '-20.5115205', '-54.6536911'),
(140, '123', '001', '2016-09-07 17:25:37', '2016-09-07 17:35:37', 0, '-20.5115053', '-54.6536919'),
(141, '123', '001', '2016-09-07 18:43:04', '2016-09-07 19:01:27', 0, '-20.5115053', '-54.6536915'),
(142, '123', '001', '2016-09-07 19:01:30', '2016-09-07 19:11:30', 0, '-20.5114944', '-54.6536909'),
(143, '123', '001', '2016-09-07 19:47:55', '2016-09-07 19:57:55', 1, '-20.5115178', '-54.6536924'),
(144, '123', '001', '2016-09-08 02:50:59', '2016-09-08 03:00:59', 0, '-20.5115064', '-54.6536769'),
(145, '123', '001', '2016-09-08 03:00:51', '2016-09-08 03:10:51', 1, '-20.5115177', '-54.6536927'),
(146, '123', '001', '2016-09-08 23:40:05', '2016-09-08 23:50:05', 1, '-20.5115539', '-54.6536871'),
(147, '123', '001', '0000-00-00 00:00:00', '2016-09-10 05:25:06', 0, '-20.51145626', '-54.65366092'),
(148, '123', '001', '0000-00-00 00:00:00', '2016-09-10 05:26:15', 0, '-20.51145593', '-54.65366296'),
(149, '123', '001', '0000-00-00 00:00:00', '2016-09-10 05:27:26', 0, '-20.51145593', '-54.65366296'),
(150, '123', '001', '0000-00-00 00:00:00', '2016-09-10 05:30:15', 0, '-20.51145593', '-54.65366296'),
(151, '123', '001', '0000-00-00 00:00:00', '2016-09-10 05:30:53', 0, '-20.51145593', '-54.65366296'),
(152, '123', '001', '0000-00-00 00:00:00', '2016-09-10 05:31:16', 0, '-20.51145203', '-54.65366245'),
(153, '123', '001', '2016-09-10 09:32:04', '2016-09-10 05:32:23', 0, '-20.51145203', '-54.65366245'),
(154, '123', '001', '2016-09-10 09:33:32', '2016-09-10 05:34:35', 0, '-20.51145203', '-54.65366245'),
(155, '123', '001', '0000-00-00 00:00:00', '2016-09-10 05:35:32', 0, '-20.51145203', '-54.65366245'),
(156, '123', '001', '0000-00-00 00:00:00', '2016-09-10 05:36:36', 0, '-20.51145203', '-54.65366245'),
(157, '123', '001', '0000-00-00 00:00:00', '2016-09-10 05:36:58', 0, '-20.51145048', '-54.65366118'),
(158, '123', '001', '0000-00-00 00:00:00', '2016-09-10 05:38:01', 0, '-20.51145048', '-54.65366118'),
(159, '123', '001', '0000-00-00 00:00:00', '2016-09-10 05:38:51', 0, '-20.51145048', '-54.65366118'),
(160, '123', '001', '0000-00-00 00:00:00', '0000-00-00 00:00:00', 1, '-20.51145048', '-54.65366118'),
(161, '123', '001', '0000-00-00 00:00:00', '2016-09-11 16:33:26', 0, '-20.5115156', '-54.6536905'),
(162, '123', '001', '0000-00-00 00:00:00', '2016-09-11 16:47:32', 0, '-20.5114895', '-54.6536579'),
(163, '123', '001', '2016-09-11 20:47:16', '2016-09-11 16:49:41', 0, '-20.5115493', '-54.6536565'),
(164, '123', '001', '0000-00-00 00:00:00', '2016-09-11 17:04:03', 0, '-20.5115145', '-54.6536602'),
(165, '123', '001', '0000-00-00 00:00:00', '2016-09-11 17:04:52', 0, '-20.5115145', '-54.6536602'),
(166, '123', '001', '0000-00-00 00:00:00', '2016-09-11 17:06:52', 0, '-20.5115145', '-54.6536602'),
(167, '123', '001', '0000-00-00 00:00:00', '2016-09-11 17:07:16', 0, '-20.5115145', '-54.6536602'),
(168, '123', '001', '0000-00-00 00:00:00', '2016-09-11 17:08:21', 0, '-20.5115145', '-54.6536602'),
(169, '123', '001', '2016-09-11 17:08:05', '2016-09-11 17:09:14', 0, '-20.5114859', '-54.6536531'),
(170, '123', '001', '2016-09-11 17:08:57', '2016-09-11 17:11:32', 0, '-20.5114859', '-54.6536531'),
(171, '123', '001', '2016-09-11 17:11:15', '2016-09-11 17:12:44', 0, '-20.5114859', '-54.6536531'),
(172, '123', '001', '2016-09-11 17:12:27', '2016-09-11 17:13:04', 0, '-20.5114859', '-54.6536531'),
(173, '123', '001', '2016-09-11 17:12:48', '2016-09-11 17:13:48', 0, '-20.5114859', '-54.6536531'),
(174, '123', '001', '2016-09-11 17:13:31', '2016-09-11 17:14:01', 0, '-20.5114859', '-54.6536531'),
(175, '123', '001', '2016-09-11 17:13:44', '2016-09-11 17:14:15', 0, '-20.5114859', '-54.6536531'),
(176, '123', '001', '2016-09-11 17:13:59', '2016-09-11 17:14:26', 0, '-20.5114859', '-54.6536531'),
(177, '123', '001', '2016-09-11 17:14:09', '2016-09-11 17:14:29', 0, '-20.5114791', '-54.6536554'),
(178, '123', '001', '2016-09-11 17:14:13', '2016-09-11 17:15:11', 0, '-20.5114791', '-54.6536554'),
(179, '123', '001', '2016-09-11 17:14:54', '2016-09-11 17:15:36', 0, '-20.5114791', '-54.6536554'),
(180, '123', '001', '2016-09-11 17:15:20', '2016-09-11 17:15:47', 0, '-20.5114791', '-54.6536554'),
(181, '123', '001', '2016-09-11 17:15:30', '2016-09-11 17:15:54', 0, '-20.5114791', '-54.6536554'),
(182, '123', '001', '2016-09-11 17:15:37', '2016-09-11 17:16:07', 0, '-20.5114791', '-54.6536554'),
(183, '123', '001', '2016-09-11 17:15:54', '2016-09-11 17:16:24', 0, '-20.5114791', '-54.6536554'),
(184, '123', '001', '2016-09-11 17:16:07', '2016-09-11 17:16:38', 0, '-20.5114791', '-54.6536554'),
(185, '123', '001', '2016-09-11 17:16:21', '2016-09-11 17:16:48', 0, '-20.5114791', '-54.6536554'),
(186, '123', '001', '2016-09-11 17:16:31', '2016-09-11 17:16:59', 0, '-20.5114791', '-54.6536554'),
(187, '123', '001', '2016-09-11 17:16:43', '2016-09-11 17:17:12', 0, '-20.5114791', '-54.6536554'),
(188, '123', '001', '2016-09-11 17:16:55', '2016-09-11 17:17:37', 0, '-20.5114791', '-54.6536554'),
(189, '123', '001', '2016-09-11 17:17:21', '2016-09-11 17:18:07', 0, '-20.5114791', '-54.6536554'),
(190, '123', '001', '2016-09-11 17:17:51', '2016-09-11 17:18:14', 0, '-20.5114791', '-54.6536554'),
(191, '123', '001', '2016-09-11 17:17:57', '2016-09-11 17:18:19', 0, '-20.5114791', '-54.6536554'),
(192, '123', '001', '2016-09-11 17:18:03', '2016-09-11 17:18:30', 0, '-20.5114791', '-54.6536554'),
(193, '123', '001', '2016-09-11 17:18:14', '2016-09-11 17:18:43', 0, '-20.5114791', '-54.6536554'),
(194, '123', '001', '2016-09-11 17:18:26', '2016-09-11 17:18:56', 0, '-20.5114791', '-54.6536554'),
(195, '123', '001', '2016-09-11 17:18:40', '2016-09-11 17:19:09', 0, '-20.5114791', '-54.6536554'),
(196, '123', '001', '2016-09-11 17:18:56', '2016-09-11 17:20:26', 0, '-20.5114791', '-54.6536554'),
(197, '123', '001', '0000-00-00 00:00:00', '2016-09-11 17:20:44', 0, '-20.5114791', '-54.6536554'),
(198, '123', '001', '0000-00-00 00:00:00', '2016-09-11 17:23:41', 0, '-20.511477', '-54.6536574'),
(199, '123', '001', '0000-00-00 00:00:00', '2016-09-11 17:24:00', 0, '-20.511477', '-54.6536574'),
(200, '123', '001', '0000-00-00 00:00:00', '2016-09-11 17:24:46', 0, '-20.511477', '-54.6536574'),
(201, '123', '001', '2016-09-11 17:24:29', '2016-09-11 17:25:00', 0, '-20.511477', '-54.6536574'),
(202, '123', '001', '2016-09-11 17:24:49', '2016-09-11 17:25:28', 0, '-20.511477', '-54.6536574'),
(203, '123', '001', '2016-09-11 17:25:17', '2016-09-11 18:03:47', 0, '-20.511477', '-54.6536574'),
(204, '123', '001', '2016-09-11 22:03:32', '2016-09-11 18:06:05', 0, '-20.511543', '-54.6536721'),
(205, '123', '001', '0000-00-00 00:00:00', '2016-09-11 18:06:42', 0, '-20.5114954', '-54.6536641'),
(206, '123', '001', '2016-09-11 18:06:26', '2016-09-11 18:07:30', 0, '-20.5114954', '-54.6536641'),
(207, '123', '001', '2016-09-11 22:07:13', '2016-09-11 18:08:03', 0, '-20.5114954', '-54.6536641'),
(208, '123', '001', '2016-09-11 22:07:49', '2016-09-11 18:09:05', 0, '-20.5114954', '-54.6536641'),
(209, '123', '001', '2016-09-11 18:08:48', '2016-09-11 18:10:50', 0, '-20.5114954', '-54.6536641'),
(210, '123', '001', '2016-09-11 18:10:35', '2016-09-11 18:13:27', 0, '-20.5115074', '-54.6536589'),
(211, '123', '001', '0000-00-00 00:00:00', '2016-09-11 18:13:53', 0, '-20.5115074', '-54.6536589'),
(212, '123', '001', '0000-00-00 00:00:00', '2016-09-11 18:14:29', 0, '-20.5115074', '-54.6536589'),
(213, '123', '001', '0000-00-00 00:00:00', '2016-09-11 18:14:53', 0, '-20.5115074', '-54.6536589'),
(214, '123', '001', '0000-00-00 00:00:00', '2016-09-11 18:14:59', 0, '-20.5115074', '-54.6536589'),
(215, '123', '001', '0000-00-00 00:00:00', '2016-09-11 18:15:23', 0, '-20.5115074', '-54.6536589'),
(216, '123', '001', '0000-00-00 00:00:00', '2016-09-11 18:16:01', 0, '-20.5115074', '-54.6536589'),
(217, '123', '001', '0000-00-00 00:00:00', '2016-09-11 18:16:22', 0, '-20.5115074', '-54.6536589'),
(218, '123', '001', '2011-04-04 08:00:00', '2016-09-11 18:16:59', 0, '-20.5115074', '-54.6536589'),
(219, '123', '001', '2011-04-04 04:00:00', '2016-09-11 18:17:18', 0, '-20.5115074', '-54.6536589'),
(220, '123', '001', '2016-09-11 22:17:03', '2016-09-11 18:17:53', 0, '-20.5115074', '-54.6536589'),
(221, '123', '001', '2011-04-04 04:00:00', '2016-09-11 18:18:13', 0, '-20.5115167', '-54.6536745'),
(222, '123', '001', '2016-09-11 22:17:57', '2016-09-11 18:18:39', 0, '-20.5115167', '-54.6536745'),
(223, '123', '001', '2016-09-11 18:18:23', '2016-09-11 18:22:28', 0, '-20.5115167', '-54.6536745'),
(224, '123', '001', '0000-00-00 00:00:00', '2016-09-11 18:22:48', 0, '-20.5115167', '-54.6536745'),
(225, '123', '001', '2016-09-11 22:22:33', '2016-09-11 18:28:00', 0, '-20.5115167', '-54.6536745'),
(226, '123', '001', '2016-09-11 22:32:56', '2016-09-11 18:33:15', 0, '-20.511451', '-54.6536628'),
(227, '123', '001', '2016-09-11 22:32:58', '2016-09-11 18:33:53', 0, '-20.511451', '-54.6536628'),
(228, '123', '001', '0000-00-00 00:00:00', '2016-09-11 18:34:18', 0, '-20.511451', '-54.6536628'),
(229, '123', '001', '0000-00-00 00:00:00', '2016-09-11 18:35:52', 0, '-20.511451', '-54.6536628'),
(230, '123', '001', '0000-00-00 00:00:00', '2016-09-11 18:39:26', 0, '-20.5115395', '-54.6536277'),
(231, '123', '001', '0000-00-00 00:00:00', '2016-09-11 18:39:47', 0, '-20.5115183', '-54.6536611'),
(232, '123', '001', '0000-00-00 00:00:00', '2016-09-11 18:40:08', 0, '-20.5115183', '-54.6536611'),
(233, '123', '001', '0000-00-00 00:00:00', '2016-09-11 18:40:27', 0, '-20.5115183', '-54.6536611'),
(234, '123', '001', '0000-00-00 00:00:00', '2016-09-11 18:40:50', 0, '-20.5115183', '-54.6536611'),
(235, '123', '001', '2016-09-11 18:40:34', '2016-09-11 18:45:33', 0, '-20.5115183', '-54.6536611'),
(236, '123', '001', '2016-09-11 18:45:18', '2016-09-11 18:45:55', 0, '-20.511453', '-54.6536433'),
(237, '123', '001', '2016-09-11 18:45:38', '2016-09-11 18:46:16', 0, '-20.511453', '-54.6536433'),
(238, '123', '001', '2016-09-11 18:46:00', '2016-09-11 18:48:00', 0, '-20.511453', '-54.6536433'),
(239, '123', '001', '2016-09-11 18:47:43', '2016-09-11 18:48:49', 0, '-20.511453', '-54.6536433'),
(240, '123', '001', '2016-09-11 18:48:33', '2016-09-11 18:51:45', 0, '-20.5114673', '-54.6536501'),
(241, '123', '001', '2016-09-11 18:51:29', '0000-00-00 00:00:00', 0, '-20.5114673', '-54.6536501'),
(242, '123', '001', '2016-09-11 18:52:11', '0000-00-00 00:00:00', 0, '-20.5114673', '-54.6536501'),
(243, '123', '001', '2016-09-11 18:52:22', '0000-00-00 00:00:00', 0, '-20.5114673', '-54.6536501'),
(244, '123', '001', '2016-09-11 18:52:50', '0000-00-00 00:00:00', 0, '-20.5114673', '-54.6536501'),
(245, '123', '001', '2016-09-11 18:53:06', '2016-09-11 19:03:06', 0, '-20.5114673', '-54.6536501'),
(246, '123', '001', '2016-09-11 18:55:08', '2016-09-11 19:05:08', 0, '-20.5115131', '-54.6536617'),
(247, '123', '001', '2016-09-11 18:57:59', '2016-09-11 19:07:59', 0, '-20.5115131', '-54.6536617'),
(248, '123', '001', '2016-09-11 18:58:04', '2016-09-11 19:08:04', 0, '-20.5115131', '-54.6536617'),
(249, '123', '001', '2016-09-11 19:00:06', '2016-09-11 19:00:27', 0, '-20.5115131', '-54.6536617'),
(250, '123', '001', '2016-09-11 19:00:32', '2016-09-11 19:00:51', 0, '-20.5114919', '-54.6536579'),
(251, '123', '001', '2016-09-11 19:00:57', '2016-09-11 19:05:59', 0, '-20.5114919', '-54.6536579'),
(252, '123', '001', '2016-09-11 19:06:17', '2016-09-11 19:16:17', 1, '-20.5114919', '-54.6536579'),
(253, '123', '001', '2016-09-11 19:09:06', '2016-09-11 19:09:32', 0, '-20.5114537', '-54.6536399'),
(254, '123', '001', '2016-09-11 19:29:10', '2016-09-11 19:39:10', 1, '-20.5115283', '-54.6536643'),
(255, '123', '001', '2016-09-11 19:33:40', '2016-09-11 19:43:40', 1, '-20.5115168', '-54.653667'),
(256, '123', '001', '2016-09-11 19:35:22', '2016-09-11 19:45:22', 1, '-20.5115135', '-54.6536674'),
(257, '123', '001', '2016-09-11 19:36:00', '2016-09-11 19:46:00', 1, '-20.5115135', '-54.6536674'),
(258, '123', '001', '2016-09-11 19:36:14', '2016-09-11 19:46:14', 1, '-20.5115135', '-54.6536674'),
(259, '123', '001', '2016-09-11 19:37:27', '2016-09-11 19:47:27', 1, '-20.5115135', '-54.6536674'),
(260, '123', '001', '2016-09-11 19:39:03', '2016-09-11 19:49:03', 1, '-20.5115135', '-54.6536674'),
(261, '123', '001', '2016-09-11 19:41:04', '2016-09-11 19:51:04', 1, '-20.511511', '-54.6536635'),
(262, '123', '001', '2016-09-11 19:44:03', '2016-09-11 19:54:03', 1, '-20.511511', '-54.6536635'),
(263, '123', '001', '2016-09-11 19:45:32', '2016-09-11 19:55:32', 1, '-20.511511', '-54.6536635'),
(264, '123', '001', '2016-09-11 19:46:20', '2016-09-11 19:56:20', 1, '-20.511511', '-54.6536635'),
(265, '123', '001', '2016-09-11 19:47:53', '2016-09-11 19:48:04', 0, '-20.5115227', '-54.6536615'),
(266, '123', '001', '2016-09-11 19:51:08', '2016-09-11 19:51:22', 0, '-20.5115227', '-54.6536615'),
(267, '123', '001', '2016-09-11 19:53:13', '2016-09-11 19:53:33', 0, '-20.5114794', '-54.6536544'),
(268, '123', '001', '2016-09-11 20:12:09', '2016-09-11 20:12:17', 0, '-20.5114694', '-54.65374509'),
(269, '123', '001', '2016-09-11 20:13:04', '2016-09-11 20:23:04', 1, '-20.5114694', '-54.65374509'),
(270, '123', '001', '2016-09-11 20:18:42', '2016-09-11 20:28:42', 1, '-20.5114691', '-54.65374382'),
(271, '123', '001', '2016-09-11 20:20:32', '2016-09-11 20:30:32', 1, '-20.5114691', '-54.65374382'),
(272, '123', '001', '2016-09-11 20:22:39', '2016-09-11 20:32:39', 1, '-20.51147004', '-54.65374269'),
(273, '123', '001', '2016-09-11 20:24:02', '2016-09-11 20:24:57', 0, '-20.51147004', '-54.65374269'),
(274, '123', '001', '2016-09-11 20:26:05', '2016-09-11 20:27:46', 0, '-20.51147004', '-54.65374269'),
(275, '123', '001', '2016-09-11 20:30:14', '2016-09-11 20:30:32', 0, '-20.51147339', '-54.65373998'),
(276, '123', '001', '2016-09-11 20:30:52', '2016-09-11 20:31:10', 0, '-20.51147339', '-54.65373998'),
(277, '123', '001', '2016-09-11 20:31:53', '2016-09-11 20:33:28', 0, '-20.51147339', '-54.65373998'),
(278, '123', '001', '2016-09-11 20:37:26', '2016-09-11 20:37:37', 0, '-20.51147409', '-54.65373925'),
(279, '123', '001', '2016-09-11 20:40:01', '2016-09-11 20:40:28', 0, '-20.51147489', '-54.65373841'),
(280, '123', '001', '2016-09-11 20:41:06', '2016-09-11 20:41:19', 0, '-20.51147489', '-54.65373841'),
(281, '123', '001', '2016-09-11 20:41:36', '2016-09-11 20:41:47', 0, '-20.51147489', '-54.65373841'),
(282, '123', '001', '2016-09-11 20:45:24', '2016-09-11 20:45:35', 0, '-20.51149946', '-54.65367305'),
(283, '123', '001', '2016-09-11 20:45:43', '2016-09-11 20:45:53', 0, '-20.51149946', '-54.65367305'),
(284, '123', '001', '2016-09-11 20:46:01', '2016-09-11 20:46:11', 0, '-20.51149946', '-54.65367305'),
(285, '123', '001', '2016-09-11 20:48:16', '2016-09-11 20:48:26', 0, '-20.51149946', '-54.65367305'),
(286, '123', '001', '2016-09-11 20:49:27', '2016-09-11 20:49:38', 0, '-20.51149946', '-54.65367305'),
(287, '123', '001', '2016-09-11 20:51:28', '2016-09-11 20:51:38', 0, '-20.51149946', '-54.65367305'),
(288, '123', '001', '2016-09-11 20:52:09', '2016-09-11 20:52:19', 0, '-20.51149946', '-54.65367305'),
(289, '123', '001', '2016-09-11 20:56:10', '2016-09-11 20:56:20', 0, '-20.51149946', '-54.65367305'),
(290, '123', '001', '2016-09-11 21:17:41', '2016-09-11 21:27:41', 1, '-20.5115404', '-54.65367466'),
(291, '123', '001', '2016-09-11 21:18:38', '2016-09-11 21:18:49', 0, '-20.5115404', '-54.65367466'),
(292, '123', '002', '2016-09-11 21:20:07', '2016-09-11 21:20:17', 0, '-20.5115404', '-54.65367466'),
(293, '123', '001', '2016-09-11 21:25:45', '2016-09-11 21:25:55', 0, '-20.5115007', '-54.6536282'),
(294, '123', '001', '2016-09-11 21:26:17', '2016-09-11 21:26:27', 0, '-20.5115007', '-54.6536282'),
(295, '123', '001', '2016-09-11 22:19:18', '2016-09-11 22:19:28', 0, '-20.51145897', '-54.6537021'),
(296, '123', '001', '2016-09-12 03:03:00', '2016-09-12 03:03:10', 0, '-20.5114929', '-54.6536598'),
(297, '123', '001', '2016-09-12 03:05:35', '2016-09-12 03:05:46', 0, '-20.5114323', '-54.6536318'),
(298, '123', '001', '2016-09-12 03:11:33', '2016-09-12 03:11:43', 0, '-20.5114347', '-54.6536291'),
(299, '123', '001', '2016-09-12 03:14:00', '2016-09-12 03:14:14', 0, '-20.5114347', '-54.6536291'),
(300, '123', '001', '2016-09-12 03:20:46', '2016-09-12 03:20:56', 0, '-20.5115364', '-54.6536297'),
(301, '123', '001', '2016-09-12 03:21:56', '2016-09-12 03:22:07', 0, '-20.5115364', '-54.6536297'),
(302, '123', '001', '2016-09-12 03:23:21', '2016-09-12 03:23:31', 0, '-20.5114923', '-54.6536617'),
(303, '123', '001', '2016-09-12 03:28:32', '2016-09-12 03:28:42', 0, '-20.5114923', '-54.6536617'),
(304, '123', '001', '2016-09-12 03:29:56', '2016-09-12 03:30:06', 0, '-20.5114521', '-54.6536453'),
(305, '123', '001', '2016-09-12 03:33:25', '2016-09-12 03:33:35', 0, '-20.5114521', '-54.6536453'),
(306, '123', '001', '2016-09-12 03:38:24', '2016-09-12 03:38:34', 0, '-20.5115342', '-54.6536668'),
(307, '123', '001', '2016-09-12 15:32:07', '2016-09-12 15:32:17', 0, '-20.5115248', '-54.6536074'),
(308, '123', '001', '2016-09-12 15:32:59', '2016-09-12 15:33:11', 0, '-20.5115175', '-54.6536701'),
(309, '123', '001', '2016-09-12 15:34:54', '2016-09-12 15:35:06', 0, '-20.5115019', '-54.6536632'),
(310, '123', '001', '2016-09-12 15:55:45', '2016-09-12 15:55:59', 0, '-20.5115114', '-54.6536712'),
(311, '123', '001', '2016-09-12 15:57:22', '2016-09-12 15:57:33', 0, '-20.5115114', '-54.6536712'),
(312, '123', '001', '2016-09-12 15:59:47', '2016-09-12 16:00:00', 0, '-20.511526', '-54.6536432'),
(313, '123', '001', '2016-09-12 16:03:12', '2016-09-12 16:03:24', 0, '-20.5114988', '-54.6536643'),
(314, '123', '001', '2016-09-12 16:05:06', '2016-09-12 16:05:25', 0, '-20.5114988', '-54.6536643'),
(315, '123', '001', '2016-09-12 16:12:49', '2016-09-12 16:16:01', 0, '-20.5114871', '-54.6536564'),
(316, '123', '001', '2016-09-12 16:26:47', '2016-09-12 16:27:02', 0, '-20.5114894', '-54.6536607'),
(317, '123', '001', '2016-09-12 16:29:45', '2016-09-12 16:29:56', 0, '-20.5114894', '-54.6536607'),
(318, '123', '001', '2016-09-12 16:31:12', '2016-09-12 16:31:24', 0, '-20.5114894', '-54.6536607'),
(319, '123', '001', '2016-09-12 16:32:27', '2016-09-12 16:32:39', 0, '-20.5114879', '-54.6536552'),
(320, '123', '001', '2016-09-12 16:33:36', '2016-09-12 16:33:46', 0, '-20.5114879', '-54.6536552'),
(321, '123', '001', '2016-09-12 16:36:44', '2016-09-12 16:36:54', 0, '-20.5114879', '-54.6536552'),
(322, '123', '001', '2016-09-12 16:39:48', '2016-09-12 16:39:59', 0, '-20.5115005', '-54.6536628'),
(323, '123', '001', '2016-09-12 16:42:43', '2016-09-12 16:42:53', 0, '-20.5115005', '-54.6536628'),
(324, '123', '001', '2016-09-12 16:43:51', '2016-09-12 16:44:01', 0, '-20.511486', '-54.6536583'),
(325, '123', '001', '2016-09-12 21:05:47', '2016-09-12 21:05:58', 0, '-20.5114986', '-54.6536601'),
(326, '123', '001', '2016-09-12 21:06:09', '2016-09-12 21:06:19', 0, '-20.5114986', '-54.6536601'),
(327, '123', '001', '2016-09-12 21:09:01', '2016-09-12 21:09:12', 0, '-20.5114986', '-54.6536601'),
(328, '123', '002', '2016-09-12 21:10:36', '2016-09-12 21:10:47', 0, '-20.5115208', '-54.6536733'),
(329, '123', '001', '2016-09-12 21:12:23', '2016-09-12 21:12:33', 0, '-20.5115208', '-54.6536733'),
(330, '123', '002', '2016-09-12 21:12:48', '2016-09-12 21:12:58', 0, '-20.5115208', '-54.6536733');

-- --------------------------------------------------------

--
-- Estrutura da tabela `tb_disciplinas`
--

CREATE TABLE `tb_disciplinas` (
  `codigo` varchar(255) NOT NULL,
  `nome` varchar(255) NOT NULL,
  `descricao` text NOT NULL
) ENGINE=InnoDB DEFAULT CHARSET=utf8 COMMENT='Tabela que contêm os registros das disciplinas da instituição';

--
-- Extraindo dados da tabela `tb_disciplinas`
--

INSERT INTO `tb_disciplinas` (`codigo`, `nome`, `descricao`) VALUES
('001', 'Banco de Dados', 'Lorem Ipsum é simplesmente uma simulação de texto da indústria tipográfica e de impressos, e vem sendo utilizado desde o século XVI, quando um impressor desconhecido pegou uma bandeja de tipos e os embaralhou para fazer um livro de modelos de tipos. Lorem Ipsum sobreviveu não só a cinco séculos, como também ao salto para a editoração eletrônica, permanecendo essencialmente inalterado. Se popularizou na década de 60, quando a Letraset lançou decalques contendo passagens de Lorem Ipsum, e mais recentemente quando passou a ser integrado a softwares de editoração eletrônica como Aldus PageMaker.'),
('002', 'Engenharia de Software 1', 'Lorem Ipsum é simplesmente uma simulação de texto da indústria tipográfica e de impressos, e vem sendo utilizado desde o século XVI, quando um impressor desconhecido pegou uma bandeja de tipos e os embaralhou para fazer um livro de modelos de tipos. Lorem Ipsum sobreviveu não só a cinco séculos, como também ao salto para a editoração eletrônica, permanecendo essencialmente inalterado. Se popularizou na década de 60, quando a Letraset lançou decalques contendo passagens de Lorem Ipsum, e mais recentemente quando passou a ser integrado a softwares de editoração eletrônica como Aldus PageMaker.'),
('003', 'Linguagem de Programação 1', 'Lorem Ipsum é simplesmente uma simulação de texto da indústria tipográfica e de impressos, e vem sendo utilizado desde o século XVI, quando um impressor desconhecido pegou uma bandeja de tipos e os embaralhou para fazer um livro de modelos de tipos. Lorem Ipsum sobreviveu não só a cinco séculos, como também ao salto para a editoração eletrônica, permanecendo essencialmente inalterado. Se popularizou na década de 60, quando a Letraset lançou decalques contendo passagens de Lorem Ipsum, e mais recentemente quando passou a ser integrado a softwares de editoração eletrônica como Aldus PageMaker.');

-- --------------------------------------------------------

--
-- Estrutura da tabela `tb_lista_frequencia`
--

CREATE TABLE `tb_lista_frequencia` (
  `tb_lista_freq_id_diario` int(11) NOT NULL,
  `tb_lista_freq_codigo_ra` varchar(255) NOT NULL,
  `tb_lista_freq_codigo_rp` varchar(255) NOT NULL,
  `tb_lista_freq_codigo_disciplina` varchar(255) NOT NULL,
  `tb_lista_freq_data_hora` timestamp NOT NULL DEFAULT CURRENT_TIMESTAMP ON UPDATE CURRENT_TIMESTAMP,
  `tb_lista_freq_latitude_aluno` varchar(255) NOT NULL,
  `tb_lista_freq_longitude_aluno` varchar(255) NOT NULL,
  `tb_lista_freq_presenca` tinyint(1) NOT NULL
) ENGINE=InnoDB DEFAULT CHARSET=utf8 COMMENT='Tabela que contêm os registros das presenças dos alunos';

--
-- Extraindo dados da tabela `tb_lista_frequencia`
--

INSERT INTO `tb_lista_frequencia` (`tb_lista_freq_id_diario`, `tb_lista_freq_codigo_ra`, `tb_lista_freq_codigo_rp`, `tb_lista_freq_codigo_disciplina`, `tb_lista_freq_data_hora`, `tb_lista_freq_latitude_aluno`, `tb_lista_freq_longitude_aluno`, `tb_lista_freq_presenca`) VALUES
(142, '987', '123', '001', '2016-09-07 19:11:30', '-20.5114978', '-54.6536917', 0),
(143, '987', '123', '001', '2016-09-07 19:51:21', '-20.5115178', '-54.6536924', 0),
(144, '987', '123', '001', '2016-09-08 02:52:49', '-20.5115064', '-54.6536769', 0),
(145, '987', '123', '001', '2016-09-08 03:02:43', '-20.5115177', '-54.6536927', 0),
(306, '111', '123', '001', '2016-09-12 03:38:42', '-20.5115342', '-54.6536668', 1),
(315, '111', '123', '001', '2016-09-12 16:17:48', '-20.5114871', '-54.6536564', 1),
(315, '222', '123', '001', '2016-09-12 16:25:03', '-20.5114871', '-54.6536564', 1),
(315, '987', '123', '001', '2016-09-12 16:25:20', '-20.5114871', '-54.6536564', 1),
(319, '111', '123', '001', '2016-09-12 16:32:52', '-20.5114879', '-54.6536552', 1),
(319, '222', '123', '001', '2016-09-12 16:32:50', '-20.5114879', '-54.6536552', 1),
(319, '987', '123', '001', '2016-09-12 16:32:48', '-20.5114879', '-54.6536552', 1),
(320, '111', '123', '001', '2016-09-12 16:33:50', '-20.5114879', '-54.6536552', 1),
(320, '222', '123', '001', '2016-09-12 16:33:50', '-20.5114879', '-54.6536552', 1),
(320, '987', '123', '001', '2016-09-12 16:33:50', '-20.5114879', '-54.6536552', 1),
(322, '111', '123', '001', '2016-09-12 16:40:10', '-20.5115005', '-54.6536628', 1),
(322, '222', '123', '001', '2016-09-12 16:40:09', '-20.5115005', '-54.6536628', 1),
(322, '987', '123', '001', '2016-09-12 16:40:07', '-20.5115005', '-54.6536628', 1),
(323, '111', '123', '001', '2016-09-12 16:42:57', '-20.5115005', '-54.6536628', 1),
(323, '222', '123', '001', '2016-09-12 16:42:57', '-20.5115005', '-54.6536628', 1),
(323, '987', '123', '001', '2016-09-12 16:42:57', '-20.5115005', '-54.6536628', 1),
(324, '111', '123', '001', '2016-09-12 16:44:04', '-20.511486', '-54.6536583', 1),
(324, '222', '123', '001', '2016-09-12 16:44:04', '-20.511486', '-54.6536583', 1),
(324, '987', '123', '001', '2016-09-12 16:44:04', '-20.511486', '-54.6536583', 1),
(326, '111', '123', '001', '2016-09-12 21:06:26', '-20.5114986', '-54.6536601', 1),
(326, '222', '123', '001', '2016-09-12 21:06:26', '-20.5114986', '-54.6536601', 1),
(326, '987', '123', '001', '2016-09-12 21:06:26', '-20.5114986', '-54.6536601', 1),
(327, '111', '123', '001', '2016-09-12 21:09:17', '-20.5114986', '-54.6536601', 1),
(327, '222', '123', '001', '2016-09-12 21:09:17', '-20.5114986', '-54.6536601', 1),
(327, '987', '123', '001', '2016-09-12 21:09:17', '-20.5114986', '-54.6536601', 1),
(328, '987', '123', '002', '2016-09-12 21:10:53', '-20.5115208', '-54.6536733', 1),
(330, '987', '123', '002', '2016-09-12 21:13:05', '-20.5115208', '-54.6536733', 1);

-- --------------------------------------------------------

--
-- Estrutura da tabela `tb_professores`
--

CREATE TABLE `tb_professores` (
  `rp` varchar(255) NOT NULL,
  `nome` varchar(255) NOT NULL,
  `telefone` varchar(255) NOT NULL,
  `email` varchar(255) NOT NULL,
  `mac_address` varchar(255) NOT NULL
) ENGINE=InnoDB DEFAULT CHARSET=utf8 COMMENT='Tabela que contêm o registro dos dados dos professores';

--
-- Extraindo dados da tabela `tb_professores`
--

INSERT INTO `tb_professores` (`rp`, `nome`, `telefone`, `email`, `mac_address`) VALUES
('123', 'GIlberto', '(67)99191-0091', 'gilberto.astolfi@ifms.edu.br', '01:01:01:01:01');

-- --------------------------------------------------------

--
-- Estrutura da tabela `tb_professores_disciplinas`
--

CREATE TABLE `tb_professores_disciplinas` (
  `codigo_rp` varchar(255) NOT NULL,
  `codigo_disciplina` varchar(255) NOT NULL,
  `data_inicio` date NOT NULL,
  `data_fim` date NOT NULL
) ENGINE=InnoDB DEFAULT CHARSET=utf8 COMMENT='Tabela que atrela ao professor uma disciplina';

--
-- Extraindo dados da tabela `tb_professores_disciplinas`
--

INSERT INTO `tb_professores_disciplinas` (`codigo_rp`, `codigo_disciplina`, `data_inicio`, `data_fim`) VALUES
('123', '001', '2016-08-01', '2016-08-31'),
('123', '002', '2016-08-01', '2016-08-31');

-- --------------------------------------------------------

--
-- Estrutura da tabela `tb_usuarios`
--

CREATE TABLE `tb_usuarios` (
  `id_usuario` int(11) NOT NULL,
  `rp` varchar(255) DEFAULT NULL,
  `ra` varchar(255) DEFAULT NULL,
  `senha_usuario` varchar(255) NOT NULL,
  `tipo_usuario` varchar(255) NOT NULL,
  `situacao_usuario` varchar(255) NOT NULL,
  `ultimo_acesso` timestamp NOT NULL DEFAULT CURRENT_TIMESTAMP ON UPDATE CURRENT_TIMESTAMP
) ENGINE=InnoDB DEFAULT CHARSET=utf8 COMMENT='Tabela que contêm os dados de acesso de todos os usuários';

--
-- Extraindo dados da tabela `tb_usuarios`
--

INSERT INTO `tb_usuarios` (`id_usuario`, `rp`, `ra`, `senha_usuario`, `tipo_usuario`, `situacao_usuario`, `ultimo_acesso`) VALUES
(1, '123', NULL, '123', 'Professor', 'Ativo', '2016-09-11 21:23:09'),
(2, NULL, '987', '987', 'Aluno', 'Ativo', '2016-09-11 21:22:26'),
(4, NULL, '111', '111', 'Aluno', 'Ativo', '2016-09-11 21:22:57'),
(5, NULL, '222', '222', 'Aluno', 'Ativo', '2016-09-11 21:23:37');

--
-- Indexes for dumped tables
--

--
-- Indexes for table `tb_alunos`
--
ALTER TABLE `tb_alunos`
  ADD UNIQUE KEY `ra` (`ra`,`telefone`,`email`,`mac_address`);

--
-- Indexes for table `tb_alunos_disciplinas`
--
ALTER TABLE `tb_alunos_disciplinas`
  ADD UNIQUE KEY `codigo_ra` (`codigo_ra`,`codigo_disciplina`),
  ADD KEY `codigo_disciplina` (`codigo_disciplina`);

--
-- Indexes for table `tb_diario`
--
ALTER TABLE `tb_diario`
  ADD PRIMARY KEY (`id`),
  ADD UNIQUE KEY `horario_inicio` (`horario_inicio`,`horario_fim`,`id`,`rp`,`codigo_disciplina`),
  ADD KEY `rp` (`rp`),
  ADD KEY `codigo_disciplina` (`codigo_disciplina`);

--
-- Indexes for table `tb_disciplinas`
--
ALTER TABLE `tb_disciplinas`
  ADD PRIMARY KEY (`codigo`);

--
-- Indexes for table `tb_lista_frequencia`
--
ALTER TABLE `tb_lista_frequencia`
  ADD PRIMARY KEY (`tb_lista_freq_id_diario`,`tb_lista_freq_codigo_ra`,`tb_lista_freq_codigo_rp`,`tb_lista_freq_codigo_disciplina`,`tb_lista_freq_data_hora`) USING BTREE,
  ADD KEY `tb_lista_freq_codigo_ra` (`tb_lista_freq_codigo_ra`),
  ADD KEY `tb_lista_freq_codigo_rp` (`tb_lista_freq_codigo_rp`),
  ADD KEY `tb_lista_freq_codigo_disciplina` (`tb_lista_freq_codigo_disciplina`);

--
-- Indexes for table `tb_professores`
--
ALTER TABLE `tb_professores`
  ADD UNIQUE KEY `rp` (`rp`,`telefone`,`email`,`mac_address`);

--
-- Indexes for table `tb_professores_disciplinas`
--
ALTER TABLE `tb_professores_disciplinas`
  ADD UNIQUE KEY `codigo_rp` (`codigo_rp`,`codigo_disciplina`),
  ADD KEY `codigo_disciplina` (`codigo_disciplina`);

--
-- Indexes for table `tb_usuarios`
--
ALTER TABLE `tb_usuarios`
  ADD PRIMARY KEY (`id_usuario`),
  ADD UNIQUE KEY `ra` (`ra`),
  ADD UNIQUE KEY `rp` (`rp`);

--
-- AUTO_INCREMENT for dumped tables
--

--
-- AUTO_INCREMENT for table `tb_diario`
--
ALTER TABLE `tb_diario`
  MODIFY `id` int(11) NOT NULL AUTO_INCREMENT, AUTO_INCREMENT=331;
--
-- AUTO_INCREMENT for table `tb_usuarios`
--
ALTER TABLE `tb_usuarios`
  MODIFY `id_usuario` int(11) NOT NULL AUTO_INCREMENT, AUTO_INCREMENT=6;
--
-- Constraints for dumped tables
--

--
-- Limitadores para a tabela `tb_alunos`
--
ALTER TABLE `tb_alunos`
  ADD CONSTRAINT `tb_alunos_ibfk_1` FOREIGN KEY (`ra`) REFERENCES `tb_usuarios` (`ra`);

--
-- Limitadores para a tabela `tb_alunos_disciplinas`
--
ALTER TABLE `tb_alunos_disciplinas`
  ADD CONSTRAINT `tb_alunos_disciplinas_ibfk_1` FOREIGN KEY (`codigo_ra`) REFERENCES `tb_usuarios` (`ra`),
  ADD CONSTRAINT `tb_alunos_disciplinas_ibfk_2` FOREIGN KEY (`codigo_disciplina`) REFERENCES `tb_disciplinas` (`codigo`);

--
-- Limitadores para a tabela `tb_diario`
--
ALTER TABLE `tb_diario`
  ADD CONSTRAINT `tb_diario_ibfk_1` FOREIGN KEY (`rp`) REFERENCES `tb_professores` (`rp`),
  ADD CONSTRAINT `tb_diario_ibfk_2` FOREIGN KEY (`codigo_disciplina`) REFERENCES `tb_disciplinas` (`codigo`);

--
-- Limitadores para a tabela `tb_lista_frequencia`
--
ALTER TABLE `tb_lista_frequencia`
  ADD CONSTRAINT `tb_lista_frequencia_ibfk_1` FOREIGN KEY (`tb_lista_freq_id_diario`) REFERENCES `tb_diario` (`id`),
  ADD CONSTRAINT `tb_lista_frequencia_ibfk_2` FOREIGN KEY (`tb_lista_freq_codigo_ra`) REFERENCES `tb_alunos` (`ra`),
  ADD CONSTRAINT `tb_lista_frequencia_ibfk_3` FOREIGN KEY (`tb_lista_freq_codigo_rp`) REFERENCES `tb_professores` (`rp`),
  ADD CONSTRAINT `tb_lista_frequencia_ibfk_4` FOREIGN KEY (`tb_lista_freq_codigo_disciplina`) REFERENCES `tb_disciplinas` (`codigo`);

--
-- Limitadores para a tabela `tb_professores`
--
ALTER TABLE `tb_professores`
  ADD CONSTRAINT `tb_professores_ibfk_1` FOREIGN KEY (`rp`) REFERENCES `tb_usuarios` (`rp`);

--
-- Limitadores para a tabela `tb_professores_disciplinas`
--
ALTER TABLE `tb_professores_disciplinas`
  ADD CONSTRAINT `tb_professores_disciplinas_ibfk_1` FOREIGN KEY (`codigo_rp`) REFERENCES `tb_professores` (`rp`),
  ADD CONSTRAINT `tb_professores_disciplinas_ibfk_2` FOREIGN KEY (`codigo_disciplina`) REFERENCES `tb_disciplinas` (`codigo`);

/*!40101 SET CHARACTER_SET_CLIENT=@OLD_CHARACTER_SET_CLIENT */;
/*!40101 SET CHARACTER_SET_RESULTS=@OLD_CHARACTER_SET_RESULTS */;
/*!40101 SET COLLATION_CONNECTION=@OLD_COLLATION_CONNECTION */;
